"language","X1.000000","X2.000000","X3.000000","X4.000000","X5.000000","X6.000000","X7.000000","X8.000000","X9.000000","X10.000000","X11.000000","X12.000000"
"ES",7.071476,-6.512900,7.650800,11.150783,-7.657312,12.484021,-11.709772,3.426596,1.462715,-2.812753,0.866538,-5.244274
"ES",10.982967,-5.157445,3.952060,11.529381,-7.638047,12.136098,-12.036247,3.491943,0.595441,-4.508811,2.332147,-6.221857
"ES",7.827108,-5.477472,7.816257,9.187592,-7.172511,11.715299,-13.847214,4.574075,-1.687559,-7.204041,-0.011847,-6.463144
"ES",6.744083,-5.688920,6.546789,9.000183,-6.924963,11.710766,-12.374388,6.169879,-0.544747,-6.019237,1.358559,-6.356441
"ES",5.836843,-5.326557,7.472265,8.847440,-6.773244,12.677218,-12.315061,4.416344,0.193500,-3.644812,2.151239,-6.816310
"ES",6.267089,-4.227738,7.227741,10.069418,-6.953871,9.384771,-15.341538,6.718533,-0.450952,-7.177585,2.538713,-3.550536
"ES",10.421391,-4.261053,7.472472,9.172961,-7.419083,11.388772,-14.508959,6.557093,0.014110,-8.559910,2.596415,-4.763508
"ES",8.787293,-5.524667,8.752215,10.001286,-8.810647,11.891619,-13.265491,6.968578,0.903085,-5.969508,1.760507,-6.101706
"ES",6.754669,-4.621569,10.172625,14.311938,-7.485512,10.126099,-12.335403,5.022380,-0.454547,-9.487129,1.313203,-3.971762
"ES",9.803577,-4.485605,9.092753,12.236940,-9.276524,9.972296,-14.003346,6.099329,-0.420892,-9.935106,2.556851,-5.887197
"ES",9.607115,-5.856414,6.804578,13.318068,-8.356424,9.999290,-13.649587,3.190674,1.093630,-8.628709,0.903910,-3.572472
"ES",10.148804,-3.633411,5.470405,11.264079,-6.624555,12.251751,-12.346634,6.734823,1.264493,-6.930236,2.982636,-5.512447
"ES",7.598763,-9.123252,8.857363,10.440621,-8.513084,12.140179,-14.739480,4.682152,1.213757,-5.518448,2.276325,-4.331024
"ES",7.077973,-7.265477,9.474136,9.068401,-8.417684,12.104569,-13.272939,3.462327,-1.225247,-5.040444,2.291653,-5.847239
"ES",13.744606,-9.938531,3.068951,13.795041,-6.007463,14.317395,-9.658241,0.302305,1.699647,-10.990290,5.381063,0.124498
"ES",6.745620,-7.225856,6.204442,9.433958,-7.910076,10.204281,-8.566822,8.709702,-2.463777,-8.770122,5.428404,-1.647348
"ES",10.224685,-5.846954,1.579330,11.073192,-6.740059,13.600307,-8.348546,4.256033,-1.076253,-7.462050,4.024938,-0.636634
"ES",11.263467,-6.017982,-0.726262,11.959800,-5.667235,12.318475,-7.892121,4.131175,-0.672802,-9.215645,4.770874,-0.822530
"ES",7.886811,-2.592999,0.261655,12.932129,-4.108915,11.814134,-8.904042,6.176519,1.559732,-7.812313,4.317893,-1.108532
"ES",12.440296,-4.705410,3.627722,11.877672,-9.409797,10.441048,-8.150372,9.492964,-0.081246,-9.736504,3.252668,-5.966581
"ES",12.280758,-2.437558,3.175934,13.473601,-9.478260,9.743755,-8.100078,9.033168,3.866759,-8.987370,3.850405,-2.702633
"ES",8.278839,-3.544324,0.043513,9.996121,-6.328045,10.043865,-9.992878,8.430684,0.893774,-9.861162,3.178046,-4.690954
"ES",13.658292,-4.330519,1.223341,10.791270,-8.533181,10.562120,-8.426624,7.143289,-2.106409,-11.085431,6.569658,-4.294401
"ES",13.633275,-8.480930,1.649426,12.059234,-7.622314,13.473545,-8.337231,3.671756,-2.937494,-8.121959,9.166066,-2.191658
"ES",13.673290,-9.329461,-0.008073,6.951391,-9.590551,12.869720,-9.072661,3.620028,-1.772338,-9.868867,6.307046,-0.387155
"ES",10.557061,-7.303097,0.008080,13.653311,-4.463308,12.464100,-9.815877,1.873557,-1.345834,-8.634075,5.302515,-5.305600
"ES",11.957764,-6.774199,-1.317826,11.190436,-8.474790,13.391763,-7.793663,0.736489,0.192353,-10.036689,3.169703,-2.255794
"ES",10.176416,-8.272813,5.810419,7.394713,-11.586127,10.051142,-7.989370,9.567757,-3.167444,-11.429178,7.316592,-2.582566
"ES",14.796961,-4.550372,1.193712,11.277372,-11.597305,11.496544,-8.326997,4.807786,3.431620,-9.100935,5.738491,1.079622
"FR",-2.339695,0.965367,2.792281,1.199951,-9.312006,7.929752,-10.132815,6.771939,-3.664478,-2.816512,1.677631,-4.826324
"FR",2.286984,-4.907350,-1.129505,2.713912,-10.952140,6.361658,-9.913077,4.685023,-2.791460,-2.026998,6.082870,-4.814511
"FR",0.265926,-2.626205,0.607483,1.689142,-9.649365,8.153231,-10.028298,5.254552,-1.131938,-1.301840,2.055942,-3.282468
"FR",2.368833,-7.266769,4.881858,6.971361,-10.031852,8.649973,-12.085513,5.679910,-0.537340,-2.777274,2.353630,-3.820379
"FR",4.390234,-6.965211,-1.536327,2.746429,-9.678739,9.699456,-9.576294,6.126825,-2.747452,-1.237191,5.298370,-3.869570
"FR",1.515897,-2.529148,-1.427272,4.588245,-8.664692,7.338897,-9.540744,4.701700,-3.077611,-0.844468,4.992310,-3.612189
"FR",-1.272038,0.648214,1.390983,5.554591,-7.985096,7.935630,-8.823008,6.829016,-1.705322,-1.036783,2.680253,-6.399650
"FR",0.547575,-1.779381,2.805631,3.532428,-9.348983,9.281654,-9.933612,6.936922,-1.430532,-2.375792,0.356083,-6.676730
"FR",1.883759,2.704247,-0.951696,6.649428,-9.468329,8.848755,-8.221542,6.893255,0.130256,-2.330362,1.116558,-4.026057
"FR",5.385047,-11.483628,8.342379,5.159618,-9.797843,9.706839,-12.976587,5.550710,-2.156447,-2.721451,3.412070,-6.087525
"FR",3.454143,-4.830972,4.353051,7.154382,-8.301257,8.881973,-10.559603,8.779084,0.003670,-2.225012,1.268999,-8.339259
"FR",3.351775,-4.941083,4.883644,8.921827,-9.499665,8.603318,-10.351936,5.430498,-1.861476,-2.847880,2.569424,-5.344380
"FR",2.887829,0.102068,1.894939,5.106683,-9.698306,7.355214,-9.481575,8.663069,-1.222046,-3.036472,1.558039,-6.007907
"FR",-0.791621,1.303788,-1.791229,6.227355,-9.602931,8.602848,-7.727415,6.436677,-0.055187,0.486530,1.698110,-1.761528
"FR",3.679130,-5.759665,0.884241,4.593627,-10.788311,7.381936,-9.566688,2.830401,-1.532124,-0.550987,4.421048,-3.554568
"FR",11.927053,-10.773460,6.575888,8.153576,-5.505326,14.295971,-11.396879,4.593266,0.000701,-5.430002,4.872316,-7.151154
"FR",11.501897,-3.713864,2.568384,11.517310,-6.786670,12.314911,-6.956871,7.220048,1.100497,-5.308383,6.033536,-7.438234
"FR",6.868094,-10.051478,7.711084,8.888669,-5.472246,14.502432,-8.306207,6.345902,3.401150,-2.480286,3.915966,-4.976986
"FR",11.937828,-9.070287,4.773991,9.833400,-7.773159,11.984825,-9.258848,6.588931,2.999879,-5.498416,4.126301,-2.877311
"FR",9.985760,-8.976570,6.122982,8.832982,-7.740966,14.272082,-6.838790,8.255205,1.913148,-4.204404,3.748036,-5.382516
"FR",13.885425,-6.233852,2.229776,10.993770,-8.107625,12.453029,-5.309755,7.431524,0.767271,-4.333920,5.337284,-9.614959
"FR",13.466168,-5.783487,0.693889,8.240252,-8.625919,14.288254,-6.651369,7.387666,2.742086,-5.090180,4.722493,-3.624783
"FR",13.924039,-7.136521,5.245372,14.060494,-6.692897,12.861826,-6.736494,4.859774,2.872938,-6.697695,4.615561,-5.127709
"FR",11.010367,-7.384443,1.917493,14.137857,-7.562776,8.674802,-7.466133,6.909112,1.764772,-3.516485,8.485256,-7.841633
"FR",15.195717,-6.538510,0.864829,15.167421,-8.624122,11.053795,-6.124841,4.914569,0.596662,-7.389290,5.953790,-7.215543
"FR",8.122277,-9.263560,4.955379,12.580821,-6.228107,14.068422,-7.872501,7.151342,0.802142,-4.357340,3.342179,-6.660246
"FR",11.436625,-1.856188,1.522482,13.451522,-4.532381,14.851000,-6.921417,5.705517,2.153224,-6.030019,4.674468,-5.719119
"FR",13.165952,-6.291883,-0.213178,10.129165,-12.908842,9.139081,-3.884775,5.614089,0.561419,-7.235565,2.251630,-8.734725
"FR",9.442768,-8.859284,7.370241,10.453415,-6.544900,14.157990,-8.825734,6.007591,0.497794,-3.697170,4.437547,-5.309077
"FR",11.581611,-6.134168,1.899728,16.178942,-6.151054,14.739494,-4.501308,5.508022,1.428052,-6.123261,4.645507,-5.723537
"GE",-2.880823,2.407136,-0.817325,3.176673,-4.951863,10.108442,-12.873075,6.805538,-1.618936,-1.804693,4.219989,-4.777442
"GE",4.240615,-0.094447,-1.364827,4.950464,-6.543754,9.743854,-12.286012,4.815466,-0.127634,-1.968143,4.127582,-7.771468
"GE",5.648966,-3.186932,-0.139521,-0.725240,-7.262021,11.693688,-12.767169,8.613491,-0.362161,-3.459027,5.874195,-5.873321
"GE",4.025683,0.356352,2.123903,2.671278,-7.138006,11.893705,-11.243106,8.075580,-0.243573,-4.710040,4.184636,-5.677876
"GE",2.419343,-2.099892,2.875509,4.739944,-6.689006,10.349085,-12.738915,6.413139,-0.577457,-4.680489,4.174054,-5.946643
"GE",1.699453,0.647671,1.332152,3.542161,-4.320318,10.581774,-14.030280,6.819568,-1.747805,-3.300516,5.209369,-6.946679
"GE",2.485102,3.505119,0.111237,3.856722,-5.933101,10.887639,-11.590680,8.100160,-0.267677,-5.337042,3.799657,-5.356914
"GE",-2.863910,1.608425,-1.575423,4.480974,-4.044910,9.854652,-12.430810,7.228188,-1.795629,-1.801883,3.681854,-5.804928
"GE",1.917804,-2.916444,2.328219,3.683352,-6.599977,11.624812,-12.170799,6.502105,-2.029338,-3.048114,3.764480,-6.623061
"GE",2.374503,3.526736,-4.776980,4.303826,-4.158953,11.551527,-10.421067,5.407984,-1.349273,-4.147459,4.146725,-4.911465
"GE",7.431262,-3.711100,-0.360168,3.869134,-8.228539,10.636192,-13.482686,4.417115,0.622808,-1.434304,5.317209,-8.697709
"GE",2.731374,-0.569400,2.248830,5.482722,-6.367244,9.240327,-13.832780,6.290854,0.721021,-3.321854,2.554318,-9.162163
"GE",3.570871,0.876038,0.861173,3.566204,-7.796934,11.983973,-11.114653,6.245213,-0.303954,-2.911860,3.675607,-5.105824
"GE",6.131591,-1.172270,1.286914,3.771094,-7.465849,12.579957,-12.472724,5.511718,0.626019,-3.145062,5.371699,-6.158565
"GE",5.818891,-2.479246,2.087605,3.911587,-6.988192,10.437128,-13.755028,5.922611,0.714205,-1.518099,4.627938,-8.775748
"GE",5.260007,-4.809373,3.745731,4.557293,-5.853547,13.670204,-10.862849,2.795047,1.535211,-1.147868,5.152335,-1.853668
"GE",7.266305,-2.226078,1.169851,4.777130,-9.526386,10.532668,-10.750208,5.093525,0.416796,-3.714795,5.202507,-2.365555
"GE",7.031558,-0.066828,-0.591358,8.533170,-5.898010,11.152172,-9.896879,4.691168,1.346868,-0.448676,1.419259,-5.570354
"GE",6.352581,1.371861,-2.222923,6.041201,-8.617573,9.719259,-10.325869,5.702149,1.229227,-4.141288,2.926394,-5.406459
"GE",0.942360,-0.518287,-1.593180,4.222678,-5.481755,10.482671,-10.698943,5.524382,1.283396,-2.067741,2.405412,-3.286886
"GE",7.974355,-4.237204,0.946003,8.600208,-5.470076,11.524900,-11.350359,3.508475,0.218275,-1.067198,3.670303,-6.685860
"GE",4.987784,-3.340093,-0.770061,6.482683,-7.409283,11.849202,-9.012072,3.406549,-1.187047,-3.605992,4.321284,-3.017102
"GE",7.350161,-3.491529,2.482493,6.179832,-7.262914,11.847575,-10.327845,4.184916,0.289150,-4.383236,5.080412,-4.758754
"GE",1.649263,-0.700865,-1.887409,3.413834,-6.868504,10.714568,-11.094698,6.617318,-0.464003,-2.199675,3.412144,-3.245269
"GE",-2.020461,1.111298,-2.107064,6.896539,-3.377759,10.684334,-10.489573,5.184497,-2.244897,-1.704590,3.565678,-2.529994
"GE",6.121156,-2.935379,0.005307,6.866387,-6.244677,12.767512,-10.152215,4.508178,0.718449,-3.398219,3.101451,-2.967535
"GE",2.495830,-1.875598,1.982669,6.652936,-6.108521,12.422084,-9.261300,5.136995,-0.108626,-1.123193,3.367770,-1.504672
"GE",2.356541,-1.836459,1.542366,6.131899,-6.831273,11.340206,-10.448210,5.141915,-0.935226,-1.467817,4.231722,-3.582374
"GE",7.018886,-2.597246,1.883076,6.000781,-6.047509,12.573612,-10.785588,4.497041,0.589480,-2.021053,2.646613,-4.738374
"GE",5.603786,-11.024027,6.383605,2.725599,-8.731318,12.232624,-8.595817,4.014854,-3.508426,-4.050159,5.368021,-3.716241
"IT",-1.892396,-3.483293,5.144796,7.246321,-7.198910,8.622762,-11.378867,3.747758,0.379406,-1.659432,0.596265,-2.196695
"IT",2.693464,-5.052710,3.021026,6.262164,-9.998749,8.518217,-11.358028,1.470443,1.310130,-3.642371,-0.839416,0.463408
"IT",2.718099,-5.837986,3.822594,7.221969,-10.133067,9.329623,-12.263201,1.704657,0.170311,-3.803533,-0.682318,-2.361943
"IT",5.001143,-4.331844,4.761264,4.156639,-11.015760,10.558650,-10.969351,4.259904,-0.798665,-5.808902,-1.386996,-3.862959
"IT",0.696453,-3.499188,1.603660,4.689503,-8.448121,10.876442,-10.623479,2.485637,-1.689226,-2.142530,1.754174,-4.477096
"IT",4.833926,-6.220445,6.431300,4.862321,-11.955694,10.895700,-11.177470,1.999419,-1.932037,-2.905209,-1.606830,-5.648663
"IT",0.987514,-3.170346,3.474724,4.758231,-8.815665,10.651700,-10.976912,4.214003,-2.457686,-3.663846,-1.045261,-5.363230
"IT",1.167592,-1.304318,0.639279,5.765370,-8.667793,8.874332,-11.643034,3.693232,-0.878749,-3.163781,2.230836,-0.596542
"IT",5.777123,1.749341,1.844066,11.297983,-9.906389,7.948936,-8.283451,2.659756,0.152172,-3.897265,-0.914526,-2.923872
"IT",1.587482,0.005461,-1.373702,2.167981,-11.628042,11.474254,-7.998089,5.759851,-0.733238,-3.075858,3.092659,-1.522618
"IT",-1.270663,-0.781674,1.673638,7.571520,-8.549877,8.174395,-10.893478,5.119630,-0.324351,-3.813392,-0.611499,-0.560210
"IT",-4.835242,1.507048,-0.129089,2.550685,-7.169083,10.999750,-9.278242,5.906369,-2.404168,-1.055334,-0.311691,-3.124008
"IT",2.462373,-0.401984,-1.315420,7.096387,-9.708779,7.501631,-9.610044,2.721599,0.608331,-4.751264,0.583645,-1.787141
"IT",3.311591,0.134005,-0.152898,7.560211,-10.577780,6.859596,-10.027558,2.050012,-0.680483,-2.611351,0.422836,-2.917881
"IT",3.787054,-0.961430,-1.025480,7.711923,-10.583443,8.573902,-9.118101,1.020234,0.038866,-5.260792,0.407796,0.227588
"IT",10.808621,-8.283689,0.200663,11.331217,-4.263601,14.156127,-12.001036,2.592876,-3.599761,-2.112243,7.452259,-8.731785
"IT",-0.718744,0.827186,-1.639385,7.281519,-3.614131,11.562630,-10.305143,6.611683,-0.843089,-0.888524,4.410075,-4.401426
"IT",0.156076,-1.205436,-0.371243,5.216925,-4.399391,10.504326,-9.745647,6.660797,-1.749082,-3.327718,5.752471,-3.106894
"IT",-3.995852,0.944184,-0.402839,9.502629,-2.462967,10.734434,-9.788837,6.228164,-0.200593,0.707209,3.513096,-2.793770
"IT",3.239861,-2.494603,2.120337,7.515237,-4.825250,13.637850,-9.382526,5.280040,-0.700377,-2.043680,4.376177,-1.797158
"IT",0.906846,1.369897,-1.775439,8.235097,-5.219311,12.414069,-7.739050,6.459635,-0.314050,-1.226397,2.311829,-4.506859
"IT",-1.591825,3.147059,-1.316761,8.479270,-3.232697,11.212137,-9.015926,6.194512,-2.031739,-0.370499,5.243465,-3.953737
"IT",-3.763313,-2.390785,1.255306,3.707947,-2.490523,11.274784,-11.631494,3.267753,-1.624155,-1.176988,3.384411,-4.535772
"IT",1.804606,-6.303218,5.061584,9.114858,-4.330391,12.599986,-11.186288,6.409369,0.044005,-0.766784,5.402241,-7.171192
"IT",0.700406,0.548788,0.359579,5.882786,-5.046089,11.649433,-11.346227,7.679066,-1.580897,-3.713498,4.371938,-5.113579
"IT",-1.114959,0.010192,0.300236,8.792059,-3.106897,11.651104,-9.967622,7.048895,-0.663685,-1.048663,3.981390,-5.172704
"IT",-3.250507,-0.373824,-1.004004,6.721494,-3.066006,11.051992,-11.304127,5.865989,-0.995240,-2.055192,3.644763,-4.187234
"IT",4.529726,-4.081027,-0.280456,8.684028,-4.712186,13.828990,-10.000077,5.328037,-0.503693,-1.544045,4.336911,-5.662285
"IT",-2.899403,2.183398,-3.753354,5.036476,-3.330414,8.737028,-10.954552,4.843103,-3.015722,-3.358776,4.808989,-3.608235
"IT",4.095690,-4.969492,4.013537,9.329499,-3.987953,13.815961,-12.623912,5.175934,-0.169278,-2.175328,5.180365,-6.636020
"UK",1.540149,-7.160007,3.778773,6.718810,-9.347320,8.090564,-11.775473,3.118172,-0.357330,-4.251421,-0.937370,-5.712351
"UK",3.976945,-3.000409,0.032001,9.452657,-8.132359,10.151162,-9.986733,1.355630,-0.373630,-3.752769,1.376127,-4.728709
"UK",2.914937,-4.191264,3.497829,10.374831,-6.313394,10.032890,-10.618604,4.823223,1.174930,-3.979059,1.876738,-4.466675
"UK",4.915523,-1.235624,0.599622,7.392184,-6.940796,12.207071,-9.472306,4.591876,1.369664,-4.563814,2.402545,-4.857425
"UK",6.360545,-0.077513,0.726970,8.233986,-9.050965,11.700435,-7.767177,4.399710,-0.013150,-5.083522,2.555932,-6.796220
"UK",4.879429,-2.784061,2.087431,9.667525,-7.818006,10.904279,-9.695466,3.601829,0.851031,-4.248025,1.307768,-6.080562
"UK",0.900426,0.783411,0.399178,9.477399,-5.838887,10.943125,-10.554887,1.863140,0.902075,-2.238008,1.083771,-4.955720
"UK",4.899868,-4.395978,0.450237,6.707068,-6.726032,10.379330,-9.644910,4.257515,-0.784425,-5.477461,2.214938,-7.412245
"UK",3.593214,-4.871969,4.859762,11.389301,-7.552948,9.313877,-9.762369,3.322982,-0.651156,-6.124860,-0.406340,-7.067079
"UK",-0.415037,-6.032415,3.089097,3.658782,-6.605594,11.286638,-12.274648,4.609877,-1.257864,-3.036236,1.270443,-4.884417
"UK",6.254666,-1.353545,-0.536740,9.001803,-7.616913,12.533470,-8.142339,3.414226,0.166460,-4.867848,2.832956,-5.000070
"UK",2.452779,-4.405981,0.492646,9.092337,-5.571273,11.483017,-9.818405,3.977047,0.399216,-5.288366,1.976615,-3.873465
"UK",4.880256,-6.572686,2.147215,9.644647,-6.495991,10.603431,-9.646614,1.909165,-0.186767,-4.036755,3.214643,-5.445382
"UK",7.597610,-6.090543,1.139395,4.066777,-10.119447,10.737079,-10.289356,2.704531,-1.934970,-6.056621,2.098567,-5.415127
"UK",4.296572,-0.458798,-0.048849,6.018170,-8.964382,11.696949,-7.793670,4.374993,-1.390765,-4.350247,2.274859,-4.059551
"UK",3.709426,-4.146003,1.031719,8.220115,-6.970878,9.198375,-9.052197,3.383055,-1.018048,-5.257070,0.764786,-7.749922
"UK",2.438052,-6.937715,0.684190,8.328181,-5.870123,9.331866,-9.380170,3.408207,0.785790,-2.380700,2.329838,-5.334673
"UK",3.964749,-2.130905,1.659677,8.814153,-5.255412,11.784360,-9.496758,4.809716,-1.100693,-3.878146,2.410177,-6.568623
"UK",1.945427,-3.540713,2.539823,6.418168,-5.043785,11.468704,-9.306622,6.010699,0.510749,-1.173177,4.020204,-5.790278
"UK",3.810948,-8.979283,5.738310,5.517570,-6.825630,11.063547,-10.026628,5.144971,-2.098345,-2.065396,3.709079,-8.235718
"UK",4.300413,-4.493086,-1.164146,9.914118,-6.924050,9.733889,-8.321594,3.439366,0.132850,-2.573591,2.511256,-5.500151
"UK",-0.458483,-0.811747,-3.077295,5.904791,-6.851304,8.417828,-8.788095,4.622654,-0.977714,-2.069653,2.230094,-5.591355
"UK",0.047164,-5.262341,1.059922,7.630676,-6.023055,9.430773,-10.593659,4.900896,-0.749461,-2.568095,1.309710,-5.941409
"UK",-0.604683,-6.917135,5.041063,9.041541,-6.151566,8.941550,-8.988871,6.992821,0.917500,-3.362391,0.311681,-7.100991
"UK",4.520497,-3.951545,0.195947,9.196178,-6.311478,9.144795,-8.804091,4.879738,-1.010505,-2.976937,3.927426,-7.168148
"UK",5.213085,-8.050842,3.173941,8.019952,-7.033891,10.347433,-11.542085,3.360068,1.265037,-2.321659,0.821799,-6.952012
"UK",-1.076764,-4.752123,0.666415,7.225037,-5.819891,8.549173,-10.889840,4.952465,0.279434,-2.338553,1.371108,-5.002484
"UK",-2.595753,-2.466705,0.420945,5.337807,-5.523456,9.905345,-10.124395,4.748502,-0.090000,-1.663290,-0.500254,-5.029416
"UK",4.427400,-6.483516,3.953777,10.968434,-6.401293,10.259923,-8.440395,4.301173,-0.178598,-2.875745,1.006226,-8.869338
"UK",4.211952,-9.878730,3.830420,7.723082,-7.358777,9.424072,-10.013526,4.242594,1.551911,-0.941738,1.649726,-5.580436
"UK",2.065603,-2.825504,-0.841736,8.050974,-3.925180,7.809344,-9.710399,7.119289,-0.537987,-9.266219,4.257340,-0.786079
"UK",-1.529188,-2.789115,-1.092792,8.965877,0.690753,8.436338,-11.714273,6.222310,-1.634818,-6.987456,4.964214,-3.589897
"UK",2.773589,-3.729875,4.273387,12.656882,-0.132277,11.318620,-10.548630,8.481028,-0.017818,-4.429544,2.779309,-7.878189
"UK",1.467842,-1.744847,-2.250643,12.389326,-0.805882,7.391664,-10.843019,5.400014,-1.193482,-8.291844,3.326061,-3.761010
"UK",5.342274,-6.556931,2.967670,14.348733,0.178066,9.968971,-11.458286,7.310798,-0.610540,-9.096620,6.342750,-6.091090
"UK",1.872594,-0.640211,-2.492335,6.508278,-8.297240,7.463314,-8.754409,6.250665,-0.925318,-7.181446,3.810329,0.910715
"UK",-1.798625,-0.749230,-0.976822,11.370081,-1.109260,7.738946,-9.915901,4.704843,-2.792582,-4.472800,4.009651,-3.577406
"UK",3.678969,-3.427041,1.652349,10.477922,-3.512239,9.244004,-11.709612,5.706186,0.480546,-7.986650,3.461840,-0.897684
"UK",3.181085,-2.870763,0.401458,9.293382,-6.215012,6.677004,-9.475558,7.796534,-2.083039,-10.567039,4.982343,-1.562412
"UK",4.090749,-1.395089,0.964913,9.469582,-2.938360,8.598569,-11.257915,8.922760,-1.059103,-9.364360,6.666935,-4.087327
"UK",-6.067831,-0.112295,-2.825168,7.323831,-0.165894,8.002683,-10.834446,6.497174,-4.820865,-5.696157,4.258180,-2.770911
"UK",1.684178,-1.653604,-0.465159,11.942367,1.411211,10.786482,-11.839924,4.702557,0.344964,-8.151719,3.439474,-1.751145
"UK",3.953725,-1.361076,1.206743,13.944107,-0.068082,9.046643,-9.754247,9.073109,0.330880,-9.084999,5.513777,-4.716331
"UK",2.233059,-4.204661,-0.904315,6.988614,-3.918616,8.643563,-8.452480,7.670505,-3.743030,-10.619704,5.204564,-2.044517
"UK",-0.217498,1.643641,-1.189818,9.452309,-3.764534,7.070751,-8.430669,9.319347,-2.475413,-10.297535,2.627325,-1.945152
"US",4.796552,-0.331376,-1.992637,8.255902,-7.618889,8.342144,-7.300458,3.412246,-1.172922,-0.881845,3.770866,-4.281925
"US",0.159779,-1.332348,2.450547,7.386981,-4.630167,10.412679,-11.695876,3.497473,0.096103,-1.988754,0.989782,-4.628567
"US",5.957769,-3.266850,2.724709,12.459117,-7.911121,8.423609,-9.145672,2.389584,0.132818,-0.999043,2.907067,-5.476551
"US",9.991758,-0.332813,1.405033,10.350986,-11.019352,10.227298,-6.442390,5.233101,-2.447897,-3.396777,4.783001,-5.662302
"US",0.820302,-3.262802,4.156584,9.442707,-4.754529,10.007734,-9.918584,4.600878,0.203811,-1.212307,1.288139,-5.086746
"US",3.548871,-0.509842,3.152711,8.598209,-8.659209,9.414464,-8.755969,4.648709,1.336222,-2.813602,1.157400,-5.071266
"US",3.386938,-3.624867,2.844743,7.858070,-5.491475,9.556284,-11.206218,3.797096,-0.425720,-0.377900,4.158883,-5.372139
"US",10.941727,0.071436,-6.186583,8.962097,-7.445360,10.130789,-7.781156,2.679868,-0.457637,-0.644577,3.199741,-5.900776
"US",10.919828,1.439609,-0.877240,7.649672,-11.489000,10.415980,-5.175982,3.969971,-1.143527,-3.125577,4.958958,-6.509468
"US",11.769104,0.432273,-1.193304,6.320130,-11.191478,8.961999,-8.169869,5.480721,-0.713786,0.427657,4.848266,-5.974264
"US",10.071484,3.570765,0.123623,7.617806,-11.425107,7.936366,-7.467999,6.699051,-0.469237,-0.146178,2.604336,-8.589759
"US",0.250045,-1.559825,1.100980,7.842187,-6.543215,8.645897,-11.120860,4.831462,0.041534,0.076532,2.908753,-4.010994
"US",6.885858,-6.013773,2.874427,6.301927,-7.782888,8.991448,-12.087139,4.216515,0.407290,-0.950390,4.872687,-6.666292
"US",6.956432,-6.417531,7.463314,8.572789,-6.798961,9.837446,-12.151695,3.327673,0.062097,-1.523554,5.012980,-6.635311
"US",4.149148,-3.914145,1.209080,11.036405,-6.531177,10.980004,-10.975784,1.864848,1.506165,-1.506037,-0.145479,-4.576490
"US",4.954206,-4.323565,9.123976,9.922292,-7.913706,9.527460,-10.974534,4.868015,-0.579747,-5.630114,2.328682,-7.948971
"US",5.178245,-5.049401,5.980721,10.562531,-8.000220,10.340584,-11.530766,5.072530,2.297954,-2.365443,4.622242,-5.539080
"US",7.631137,-4.502370,2.207515,8.703950,-6.727109,12.245738,-12.098875,2.368179,-0.189056,-0.766763,5.561797,-7.510298
"US",4.100426,-5.955527,4.930803,10.015508,-5.519943,11.824532,-10.739647,3.614346,-0.454633,-4.408752,5.142857,-2.857504
"US",6.521513,0.681414,0.712128,9.123208,-5.610344,12.066303,-9.890520,6.240084,-0.851420,-6.118021,5.095971,-4.463800
"US",3.362900,-5.279764,7.357451,8.326915,-6.115168,10.327969,-10.434079,6.536561,-0.412717,-4.929815,3.849205,-4.384082
"US",3.152069,-3.448971,7.461997,11.209770,-7.580997,8.749811,-11.001923,6.495053,-3.035202,-5.305542,5.351938,-2.782708
"US",4.411312,-4.159094,3.627343,4.959757,-6.732683,15.700898,-12.488501,5.405433,1.520208,-3.273031,5.759187,-1.036108
"US",5.682996,-2.748667,3.640962,12.236309,-6.705447,11.999634,-11.594457,4.881366,3.413206,-3.139897,3.888169,-2.508245
"US",3.301745,-2.014823,2.777388,9.457360,-6.692003,13.366507,-9.186021,4.477408,-0.045509,-1.460349,3.566679,-3.122180
"US",4.799054,-6.245275,6.898825,6.102543,-7.057811,14.112248,-11.009447,3.134385,-0.629933,-2.914973,2.712781,-5.739362
"US",3.627143,-2.128629,3.761608,10.183371,-7.404461,10.500445,-11.750550,5.921767,0.604630,-3.865957,3.854043,-4.151060
"US",6.120900,-4.859301,8.130353,12.930176,-7.069042,10.366871,-11.495180,6.847753,-0.679473,-8.262751,3.871769,-6.297462
"US",0.911133,-1.559606,5.312831,10.843302,-6.349266,11.693060,-10.462261,6.839845,-0.474565,-4.587664,2.214455,-5.773565
"US",4.552812,-2.752203,1.098514,6.388619,-6.479898,13.542793,-10.152407,8.267103,2.885599,-3.384806,6.308748,-2.511316
"US",14.790790,-9.220383,5.906264,12.008123,-7.222838,8.156371,-10.775168,5.459876,2.250661,-3.142411,3.322537,-13.724103
"US",7.684193,-7.162805,2.720460,7.488472,-8.619517,9.110789,-9.630700,5.577506,-0.708973,-4.286376,4.091320,-6.395420
"US",9.220341,0.666597,-0.605910,3.768640,-10.682721,11.170417,-7.008736,7.770188,-1.872768,-3.419989,2.900203,-8.461438
"US",5.911060,-5.822324,2.621757,6.061832,-6.929230,11.707366,-12.228676,3.920201,-3.528176,-6.458098,4.673452,-6.254988
"US",9.557786,-6.166311,1.611351,5.228314,-10.551893,10.701535,-9.773061,6.775465,-0.548079,-6.050147,4.085028,-5.539878
"US",11.380513,-8.202689,2.029268,4.254329,-11.062525,9.994484,-11.833523,5.144079,-1.205391,-4.791498,6.244781,-6.287343
"US",5.374063,-5.375134,3.224476,10.975174,-8.080579,7.119691,-10.683427,6.284036,1.206349,-3.719948,1.581148,-6.631975
"US",10.763606,-11.581520,7.967727,11.881922,-7.513239,10.861444,-11.764202,5.862978,-0.141378,-5.868719,1.482304,-11.029092
"US",10.835579,-8.535519,4.695710,2.548936,-8.383453,12.024414,-12.781640,10.078667,-1.232482,-3.627448,5.474346,-8.957588
"US",9.065634,-3.886366,1.053865,9.345589,-7.647567,9.779674,-10.962993,3.989068,-1.772583,-3.881707,1.586301,-9.074713
"US",10.763970,-4.428076,1.996277,11.183052,-6.872395,8.211241,-9.762497,6.586007,-0.664399,-4.784872,2.860155,-13.020225
"US",9.793648,-7.367836,2.719999,4.700874,-7.121495,10.788888,-12.874408,4.675314,-2.013391,-3.815283,4.410063,-9.620562
"US",3.247825,-6.097155,5.287364,4.740558,-6.039364,10.837826,-10.116478,6.592683,0.415956,-2.418891,2.794320,-6.936411
"US",7.023109,-4.126656,1.526364,11.463455,-6.599501,8.824021,-9.909761,5.295494,-0.326734,-3.447703,3.317458,-7.806565
"US",8.832310,-1.560250,-0.779165,5.791806,-9.747724,10.741270,-7.475309,7.081552,-2.180106,-4.058377,4.304088,-7.824542
"US",14.704283,-10.264408,2.741537,11.506493,-5.042977,12.151180,-14.241684,1.275792,0.090614,-5.473425,3.490021,-8.041961
"US",12.570557,-12.042361,1.069438,8.339897,-8.707853,8.936831,-12.416990,4.021825,2.098533,-3.051762,5.820740,-4.272898
"US",12.707481,-8.669480,2.941209,13.445924,-8.706876,11.071623,-9.329933,0.616476,1.208040,-4.445257,0.153617,-5.380385
"US",14.933812,-3.827265,1.300464,8.764476,-12.182662,11.177197,-7.610696,2.252699,1.236897,-6.273333,0.288902,-6.150861
"US",9.807735,-14.972962,6.478848,2.358279,-10.332006,11.810206,-12.296818,0.232075,0.222283,-4.010952,1.933365,-4.288197
"US",11.456458,-7.678120,0.379508,3.893406,-8.201494,13.557369,-12.014527,1.418246,-0.389970,-4.277937,6.013502,-1.847768
"US",10.262510,-14.294344,3.020109,8.522629,-10.627219,11.559337,-11.487250,-0.999699,1.695868,-2.700008,2.207667,-4.082932
"US",14.616806,-8.417434,3.796580,10.884572,-9.830611,12.019495,-10.382918,1.381596,1.672178,-6.745244,1.821343,-7.726161
"US",11.305589,-11.897577,3.380567,2.953820,-10.007520,13.733182,-11.172570,3.159664,-0.456264,-3.667277,5.023682,-4.705593
"US",14.114726,-13.164407,3.753059,8.166042,-9.810916,10.545165,-10.555922,1.620419,1.627120,-5.083871,4.808198,-6.742841
"US",8.388547,-12.290029,10.620756,3.547405,-8.705811,12.033495,-13.423028,3.889512,2.049757,-6.004710,0.557851,-5.038838
"US",9.129808,-12.405369,3.325749,7.323633,-9.109755,9.821984,-9.596763,3.263239,3.363116,-2.209721,2.216324,-4.727783
"US",13.161715,-4.130187,4.854014,9.063330,-15.148877,8.619403,-7.817271,3.143747,3.526086,-5.321992,-0.702299,-6.010889
"US",8.362028,-11.638568,8.298674,3.069836,-10.653493,11.538437,-12.212941,4.057472,2.967134,-4.070457,-0.382389,-4.890732
"US",11.421316,-12.419917,0.895374,10.264993,-9.316338,9.791477,-10.080323,2.442447,3.980789,-2.959913,2.682487,-5.353159
"US",15.037325,-7.539503,8.282315,-1.126427,4.669080,-0.442881,-5.053713,3.770502,-10.888945,16.326455,-8.971672,3.666761
"US",4.868833,-8.847209,11.773680,-1.452419,4.217891,2.711291,-4.625952,4.495377,-5.800152,10.167614,-7.693155,3.028161
"US",1.098864,-7.452423,17.066487,-7.314831,7.912809,0.381224,-5.617393,4.760422,-6.236367,7.896138,-9.279833,2.446148
"US",7.712951,-6.611720,8.709023,-1.734318,0.624851,3.659538,-4.622169,4.303407,-9.296032,12.140305,-8.007388,2.530421
"US",7.110666,-8.220938,14.274493,2.984060,5.642048,2.692335,-3.767376,5.429174,-8.135989,10.520915,-8.217723,4.276424
"US",9.065256,-8.716885,10.098312,-2.814377,1.830932,-3.162139,-0.424033,4.340381,-15.510974,12.846130,-7.789764,5.259430
"US",10.211798,-3.943846,8.627757,-1.810770,6.272930,-2.832151,-2.243886,5.081705,-9.300212,13.630416,-11.528472,3.076840
"US",6.004364,-9.251345,14.312829,-8.844231,6.096831,-2.042839,-4.769322,2.417276,-8.877334,11.548595,-7.749413,4.043496
"US",1.385891,-8.406980,12.944658,-7.741649,7.308069,-3.528964,-4.384422,3.091482,-8.624363,11.027600,-7.660360,3.715821
"US",7.549770,-4.374662,11.805656,-0.895733,6.122940,2.185417,-5.053558,3.999359,-7.928046,10.466215,-9.026240,1.166637
"US",4.234607,-8.950188,14.472876,-2.537081,5.753154,1.054263,-4.773472,4.736705,-9.211987,12.556851,-6.749499,0.727870
"US",9.322440,-6.613469,15.545937,-0.692066,1.894247,-1.774044,-3.179173,4.184236,-7.829252,10.862655,-13.664104,3.627803
"US",6.027468,-4.932851,15.630876,-0.741649,5.298756,1.032338,-4.786869,4.529260,-6.493262,10.275837,-11.121205,1.781395
"US",5.226072,-6.511314,12.657169,-2.558775,4.437805,1.283776,-3.420023,3.142726,-8.380774,12.872904,-6.217580,3.812828
"US",4.442421,-5.358811,14.328586,-4.318171,4.421674,-0.873498,-2.479645,4.965819,-7.978922,10.285884,-9.334661,2.826480
"US",1.912512,-0.333896,3.171846,0.552984,6.901835,1.857228,-6.925861,10.073456,-5.680432,5.900634,-6.542835,-0.348127
"US",2.630688,-4.173402,4.964596,2.066043,5.918203,1.307292,-6.145109,7.913220,-7.545152,8.658534,-4.105249,1.472634
"US",-3.390577,-2.429274,4.178026,-5.013315,4.753486,2.702387,-4.941422,7.410937,-8.134860,6.092194,-1.946706,2.146878
"US",-0.734797,-0.730619,3.095805,0.890056,4.479836,3.463393,-6.285194,8.067363,-6.918249,8.271359,-2.308865,-0.205970
"US",0.461839,-3.559213,3.046808,1.560465,3.455717,1.780858,-7.277710,9.897664,-7.628424,7.535854,-1.499152,-0.704441
"US",2.329492,-1.675045,2.995686,-1.093834,0.948367,1.991726,-5.951849,10.221439,-9.544563,6.760470,1.275029,1.768404
"US",-4.222359,-0.848943,0.867378,1.456720,3.055455,2.638817,-8.617596,7.723480,-7.160718,5.695508,-3.598921,0.390674
"US",-0.419643,1.996737,0.228772,-1.067420,2.047180,1.922359,-5.937325,6.945288,-9.765117,7.552414,-3.122809,-1.647258
"US",-3.428464,0.498586,2.927500,-1.744327,5.412413,4.533948,-7.290035,9.005950,-7.488951,6.693623,0.135648,-1.029959
"US",-3.723377,-0.645936,3.073418,6.028381,2.291980,-0.448422,-7.556692,10.149699,-7.713961,5.210972,-4.408269,-0.748237
"US",-1.867459,-1.074201,3.929807,-0.391830,4.025665,4.292096,-6.195455,8.379679,-6.295976,8.136433,-1.773475,-0.145291
"US",1.876146,-4.790968,7.706085,3.479158,4.455274,2.352220,-7.040896,8.803352,-7.426813,6.982098,-3.748971,0.229070
"US",0.504813,-2.257810,4.416170,2.739470,3.472954,4.329428,-6.965270,9.892017,-7.292238,8.078870,-1.341999,-2.143804
"US",-3.177167,-1.122592,2.918193,-1.497618,1.905647,3.296535,-6.240043,9.155539,-6.230489,6.524969,-0.929961,0.809332
"US",-2.285886,-6.072985,4.000782,-0.457251,2.277981,2.285331,-7.506952,10.243983,-6.959334,5.646809,-1.419723,1.682865
"US",12.818554,-8.013745,-0.973639,14.510765,-4.295991,12.880960,-6.526780,2.059491,-0.738020,-4.860302,6.942571,-2.120872
"US",11.290767,-5.962044,-0.845848,13.412268,-6.565272,9.048959,-7.532025,2.034172,-1.998555,-3.461881,5.157269,-2.566216
"US",7.043653,-4.354384,1.624724,11.075128,-8.160901,9.670034,-5.204946,4.994840,1.165410,-0.670549,4.574027,-2.458917
"US",16.323563,-7.222596,0.137042,12.316901,-7.351448,10.077041,-6.312000,2.376126,-2.728081,-7.088511,6.688717,-5.114984
"US",9.919715,-9.496241,3.255712,9.263471,-10.744903,8.111948,-7.139747,3.510051,-0.656607,-4.831603,5.768930,-0.373324
"US",12.144662,-10.061252,-0.621764,9.740013,-8.200149,9.712622,-10.427024,1.733598,0.009944,-2.499285,6.414581,-0.230875
"US",10.581473,-7.787926,-0.353328,11.178989,-5.704549,12.101351,-8.912531,3.653511,0.001528,-4.661945,6.115379,-0.370238
"US",13.481442,-12.284601,3.146706,13.422550,-6.193091,8.689717,-8.856468,1.483226,-0.365943,-4.270219,7.801054,-2.859278
"US",12.393615,-1.629321,1.030436,13.814292,-13.538767,5.814917,-5.055264,5.678110,0.795078,-3.778278,5.177990,-2.107121
"US",17.749851,-1.444052,-3.780587,13.917770,-9.022865,11.277108,-2.321599,4.535615,-1.412581,-4.495298,7.199020,-5.059582
"US",13.870210,-8.639045,2.750931,14.281857,-6.774120,10.017869,-6.130686,3.588361,-0.923878,-5.498328,6.260380,-2.781182
"US",14.478030,-8.228037,-1.105263,14.717062,-7.901146,8.726280,-5.022353,3.482167,1.345324,-4.196893,7.340455,-2.286238
"US",11.885347,-6.609937,-1.644535,15.127578,-5.315170,9.221285,-8.421261,1.571157,0.641366,-3.271408,7.051251,-3.250687
"US",13.465709,-9.041381,0.561668,9.673929,-9.148774,10.432457,-6.810900,4.224480,0.584895,-2.977918,6.738314,-2.508522
"US",12.068351,-6.012872,0.819122,13.321426,-6.126788,10.157369,-5.954847,2.455720,-1.642729,-4.681929,6.621577,-3.482148
"US",6.793244,-9.525614,2.866155,9.553372,-7.350891,9.678304,-12.865966,2.128109,1.810236,-3.342539,6.946253,-2.801750
"US",3.681924,-0.280619,-1.417689,5.975280,-6.946811,11.704159,-8.417539,5.178601,1.747784,-1.512083,4.126741,-0.334010
"US",6.463956,-1.124131,-1.282802,7.716523,-9.225392,11.511086,-8.141281,6.433629,3.449318,-3.499576,5.721729,-1.967411
"US",3.361291,-6.515764,4.054172,4.792375,-9.600580,11.432664,-8.604160,4.337345,-0.754792,-4.439780,5.117179,0.236226
"US",0.939943,-2.025316,0.093836,5.689808,-6.982760,11.127778,-10.908957,6.091331,1.196969,-4.563740,3.916805,-2.113562
"US",2.894265,-2.649642,2.208247,5.282577,-7.497974,11.801916,-9.901516,3.632565,-0.473800,-1.832837,5.048369,-3.717765
"US",-0.267738,-1.078653,-0.878467,7.609878,-4.434309,10.836459,-10.233689,5.116687,1.721353,-3.045659,4.050756,0.564468
"US",4.098087,-4.986878,-2.034752,7.484955,-5.910776,11.707678,-11.599739,2.187901,2.012870,-2.444597,5.074048,-1.293022
"US",6.544439,-6.646350,1.868137,8.935971,-5.108392,10.823322,-13.525467,4.383457,0.990876,-5.255702,5.238532,-1.454357
"US",-0.130878,-5.119884,2.700031,3.990849,-6.986450,12.118010,-8.960993,5.990440,-1.587042,-1.788888,6.127706,0.097344
"US",2.806915,-3.639327,-0.807013,5.221413,-6.073472,11.795793,-9.622098,4.336653,-0.609085,-2.791867,6.749552,-2.507010
"US",6.151773,-5.769966,0.478573,8.650469,-7.300468,10.264314,-10.811311,1.842315,0.264790,-2.796695,7.087953,-0.679658
"US",3.737600,-4.235071,3.005006,12.644345,-4.022659,10.388645,-11.442765,7.087867,4.086640,-5.452876,4.116118,-2.884726
"US",5.962642,-3.288201,0.481117,9.509573,-3.757901,11.446211,-11.874285,4.689610,2.493880,-5.100761,4.636732,-3.393695
"US",-2.348123,-5.417243,1.102749,6.572413,-4.182181,10.103583,-11.460042,6.123176,-0.152552,-3.323147,4.509385,-1.180738
"US",15.381390,-6.816802,2.794832,11.076270,-4.637389,17.316367,-8.748530,-0.051457,0.546350,-5.405940,1.740087,-6.348366
"US",12.150976,-10.349638,3.854862,11.892913,-3.893723,17.893213,-11.571944,0.262382,0.652022,-5.281158,3.582325,-4.196400
"US",12.880665,-9.219352,7.379437,8.281755,-4.072062,21.445837,-9.567863,-0.308986,0.274297,-7.207196,2.829586,-7.291059
"US",15.103069,-7.412873,4.028927,11.199048,-2.839800,18.490618,-15.365665,-1.087677,4.430064,-3.183100,0.198349,-11.073320
"US",16.665875,-4.761444,0.034879,8.791059,-8.973376,15.525385,-8.908440,0.080025,2.065170,-4.913032,0.177290,-7.324994
"US",15.897578,-4.486631,2.198199,9.089155,-12.707176,12.861697,-10.756808,-0.036518,4.041681,-5.683874,1.730290,-3.893508
"US",14.910785,-3.898910,0.631659,10.925973,-6.840704,12.941338,-10.777742,2.937486,2.330924,-7.249278,-1.424111,-6.154610
"US",16.971161,-2.618836,4.123896,11.806326,-15.656596,9.124604,-8.593480,2.874700,3.303818,-5.992393,-2.606231,-4.670100
"US",11.793239,-8.060648,6.419787,10.369218,-6.002190,16.562828,-6.995932,3.753902,-0.605434,-6.807129,-0.803056,-7.734699
"US",15.970770,-3.575467,5.972210,10.523621,-14.637559,11.336989,-7.009167,2.934539,4.789989,-5.657657,-2.587470,-4.374334
"US",13.126665,-1.172026,0.127094,11.916704,-6.174788,17.247345,-6.471182,1.514604,3.031349,-2.826160,1.264951,-7.100502
"US",14.964859,-5.828171,5.329213,12.833606,-6.004665,18.704046,-10.293939,-1.194660,3.262151,-6.752517,-2.928032,-9.942209
"US",13.253837,-2.465803,5.952471,6.527350,-8.019856,16.387968,-10.189081,-0.202951,3.753365,-0.486059,-0.382393,-6.742272
"US",14.150496,-6.111149,2.572498,6.868033,-9.948524,15.248841,-9.482123,-0.052271,1.781103,-3.811021,1.619118,-3.637456
"US",12.752537,-6.343325,3.338924,5.838977,-9.325726,18.777547,-9.383717,-2.873862,1.842179,-2.385740,0.661139,-3.306417
"US",8.689475,-6.863668,-0.783396,8.685747,-8.130607,8.851329,-9.931361,3.009161,0.306991,-4.795814,5.040170,-1.852318
"US",4.472246,0.324076,0.612693,8.097390,-9.313361,9.822208,-8.027684,5.241876,-0.452850,-2.964845,4.934949,-3.306123
"US",2.716551,1.924691,-0.823819,7.053833,-8.095601,9.130186,-8.618479,6.624026,-0.358459,-3.002655,3.008224,-2.971277
"US",5.077564,-5.482133,0.312714,9.662788,-6.881830,10.850248,-8.664004,3.954595,1.612046,-3.166349,3.555526,-0.250759
"US",6.636765,-6.544702,-0.751626,10.808612,-6.316877,11.588995,-9.468272,4.535202,1.365153,-2.929478,4.209298,0.484817
"US",5.584831,-4.220978,0.319859,11.337342,-5.641402,11.263265,-9.859562,2.512329,-0.478526,-0.931808,3.927747,-6.953571
"US",6.795299,-6.025156,1.902297,8.449816,-7.509444,12.426648,-8.441434,3.220505,1.491268,-4.457655,2.181343,-1.669452
"US",6.321731,-6.225946,-0.040104,9.006132,-5.856153,10.699814,-10.061555,3.594438,1.908956,-4.184807,3.413027,-1.227931
"US",7.070420,-4.252512,-0.848099,8.595418,-7.985975,8.652675,-9.532365,3.938595,0.245513,-1.967759,2.934034,-4.806993
"US",7.883104,-5.733750,-1.929309,10.533946,-6.802570,9.464657,-11.139603,2.954258,3.882096,-2.196871,3.551976,-2.493312
"US",9.530158,-4.897614,-3.150076,7.804680,-7.482347,12.057884,-8.698943,0.883059,0.839150,-3.666772,5.657903,-1.770537
"US",3.801365,-5.494963,1.630000,9.930054,-6.189099,12.138615,-9.323716,3.847073,0.779993,-3.529834,2.279553,-2.519331
"US",4.833420,-7.236306,3.527371,8.185430,-6.582588,12.419360,-9.918685,3.350327,-0.503265,-3.206887,4.302779,-2.804224
"US",0.563812,-3.280834,1.989955,6.174795,-7.298775,11.197942,-8.340236,4.356870,-0.356252,-1.164701,3.540124,-2.501448
"US",8.069892,-2.808266,-2.765567,8.531399,-7.521643,9.430720,-8.172275,4.477560,1.791541,-3.922345,3.440595,-2.014424
"US",-2.765718,-5.550451,4.391977,-0.904438,3.742902,4.970764,-5.683663,9.759021,-15.049185,8.052727,1.675090,-4.807364
"US",1.232131,-7.880853,4.711393,2.748395,1.919381,4.201416,-8.153901,13.360629,-8.516980,6.116967,0.665395,-2.757251
"US",0.040855,0.316818,0.250999,3.472232,5.735026,7.747357,-8.689863,9.950114,-9.668256,8.327594,1.048889,-4.548654
"US",0.458847,-0.625223,5.496352,2.702551,4.726560,5.724105,-5.982080,12.062198,-11.028115,9.934408,0.798224,-5.117655
"US",3.364205,-2.519140,6.168871,-2.394937,1.203117,8.144920,-6.892178,12.647165,-10.746629,4.975461,0.357253,-2.419969
"US",-4.036821,-5.016739,3.482331,0.061946,2.803447,5.909160,-6.656032,10.426760,-8.527501,7.813613,-0.745975,-1.646697
"US",-1.681729,-0.506247,2.135516,3.323995,1.080134,5.517213,-6.737507,11.604854,-8.730315,6.715250,0.138771,-2.159513
"US",3.118493,-5.860389,5.609536,-0.985667,4.474273,6.939054,-6.615700,10.884768,-13.160368,7.965535,-0.492151,-3.710712
"US",2.542444,-6.653705,7.427646,4.587581,7.471646,3.951851,-5.516469,13.846083,-14.842925,9.292236,0.002089,-7.054688
"US",-2.112733,-0.038945,1.173896,1.263632,4.817348,7.840459,-5.706838,12.285721,-11.632070,5.828790,1.643920,-4.657571
"US",-0.525273,-3.868338,3.548304,1.496249,3.490753,5.849887,-7.747027,9.738836,-11.754543,7.129909,0.209947,-1.946914
"US",-2.094001,-1.073113,1.217397,-0.550790,2.666547,7.449942,-6.418064,10.907098,-11.134323,6.728373,2.461446,-0.026113
"US",2.116909,-4.441482,5.350392,3.675396,2.715876,3.682670,-4.500850,11.798565,-12.031005,7.566142,-0.606010,-2.245129
"US",0.299616,0.324844,3.299919,2.044040,3.634828,6.693840,-5.676224,12.000518,-11.912901,4.664406,1.197789,-2.230275
"US",3.214254,-3.135152,1.122691,4.712444,5.926518,6.915566,-5.799727,10.858532,-11.659845,10.605734,0.349482,-5.983281
